{"cameraMode":{"drawMode":0,"name":"Shaded","section":"Shading Mode"},"sceneLighting":true,"audioPlay":false,"sceneViewState":{"m_AlwaysRefresh":false,"showFog":false,"showSkybox":false,"showFlares":false,"showImageEffects":false,"showParticleSystems":false,"showVisualEffectGraphs":true,"m_FxEnabled":true},"in2DMode":false,"pivot":{"x":-0.09313921630382538,"y":-15.923002243041993,"z":9.474013328552246},"rotation":{"x":-0.41077083349227908,"y":-0.010356934741139412,"z":0.00472962437197566,"w":-0.9117136597633362},"size":21.89254379272461,"orthographic":false}