{"cameraMode":{"drawMode":0,"name":"Shaded","section":"Shading Mode"},"sceneLighting":true,"audioPlay":false,"sceneViewState":{"m_AlwaysRefresh":false,"showFog":false,"showSkybox":false,"showFlares":false,"showImageEffects":false,"showParticleSystems":false,"showVisualEffectGraphs":true,"m_FxEnabled":true},"in2DMode":false,"pivot":{"x":5.769360065460205,"y":-13.738593101501465,"z":26.608177185058595},"rotation":{"x":-0.26378023624420168,"y":0.08506442606449127,"z":-0.023354340344667436,"w":-0.9605848789215088},"size":22.617185592651368,"orthographic":false}