{"cameraMode":{"drawMode":0,"name":"Shaded","section":"Shading Mode"},"sceneLighting":false,"audioPlay":false,"sceneViewState":{"m_AlwaysRefresh":false,"showFog":false,"showSkybox":false,"showFlares":false,"showImageEffects":false,"showParticleSystems":false,"showVisualEffectGraphs":true,"m_FxEnabled":true},"in2DMode":false,"pivot":{"x":17.54511833190918,"y":22.444974899291993,"z":17.244293212890626},"rotation":{"x":0.4718574583530426,"y":-0.021767405793070794,"z":0.011706186458468438,"w":0.8814666867256165},"size":23.94129180908203,"orthographic":false}