{"cameraMode":{"drawMode":0,"name":"Shaded","section":"Shading Mode"},"sceneLighting":false,"audioPlay":false,"sceneViewState":{"m_AlwaysRefresh":false,"showFog":true,"showSkybox":false,"showFlares":true,"showImageEffects":true,"showParticleSystems":true,"showVisualEffectGraphs":true,"m_FxEnabled":true},"in2DMode":false,"pivot":{"x":7.895162105560303,"y":1.6123151779174805,"z":3.7691845893859865},"rotation":{"x":-0.27853691577911379,"y":-0.016409602016210557,"z":0.004764793906360865,"w":-0.9602911472320557},"size":4.899038314819336,"orthographic":false}