{"cameraMode":{"drawMode":0,"name":"Shaded","section":"Shading Mode"},"sceneLighting":false,"audioPlay":false,"sceneViewState":{"m_AlwaysRefresh":false,"showFog":false,"showSkybox":false,"showFlares":false,"showImageEffects":false,"showParticleSystems":false,"showVisualEffectGraphs":true,"m_FxEnabled":true},"in2DMode":false,"pivot":{"x":20.899999618530275,"y":-25.00000762939453,"z":20.899999618530275},"rotation":{"x":-0.30935266613960268,"y":-0.0015907518099993468,"z":0.0005340375355444849,"w":-0.950995147228241},"size":39.865142822265628,"orthographic":false}