{"cameraMode":{"drawMode":0,"name":"Shaded","section":"Shading Mode"},"sceneLighting":false,"audioPlay":false,"sceneViewState":{"m_AlwaysRefresh":false,"showFog":false,"showSkybox":false,"showFlares":false,"showImageEffects":false,"showParticleSystems":false,"showVisualEffectGraphs":true,"m_FxEnabled":true},"in2DMode":false,"pivot":{"x":10.533926010131836,"y":0.20074963569641114,"z":9.253080368041993},"rotation":{"x":0.39082449674606326,"y":0.005970818921923637,"z":-0.002467280952259898,"w":0.9205345511436462},"size":3.5341110229492189,"orthographic":false}