{"cameraMode":{"drawMode":0,"name":"Shaded","section":"Shading Mode"},"sceneLighting":false,"audioPlay":false,"sceneViewState":{"m_AlwaysRefresh":false,"showFog":false,"showSkybox":false,"showFlares":false,"showImageEffects":false,"showParticleSystems":false,"showVisualEffectGraphs":true,"m_FxEnabled":true},"in2DMode":false,"pivot":{"x":0.010049045085906983,"y":-4.475985527038574,"z":4.545436859130859},"rotation":{"x":0.39082449674606326,"y":0.005970818921923637,"z":-0.002467280952259898,"w":0.9205345511436462},"size":6.8420023918151859,"orthographic":false}