{"cameraMode":{"drawMode":0,"name":"Shaded","section":"Shading Mode"},"sceneLighting":false,"audioPlay":false,"sceneViewState":{"m_AlwaysRefresh":false,"showFog":false,"showSkybox":false,"showFlares":false,"showImageEffects":false,"showParticleSystems":false,"showVisualEffectGraphs":true,"m_FxEnabled":true},"in2DMode":false,"pivot":{"x":3.3624026775360109,"y":0.7016274929046631,"z":0.18562626838684083},"rotation":{"x":-0.48107466101646426,"y":-0.02117275632917881,"z":0.011689603328704834,"w":-0.8764401078224182},"size":2.36602520942688,"orthographic":false}