{"cameraMode":{"drawMode":0,"name":"Shaded","section":"Shading Mode"},"sceneLighting":false,"audioPlay":false,"sceneViewState":{"showFog":false,"showMaterialUpdate":false,"showSkybox":false,"showFlares":false,"showImageEffects":false,"showParticleSystems":false},"in2DMode":false,"pivot":{"x":1.1269999742507935,"y":2.1659998893737795,"z":1.3109999895095826},"rotation":{"x":-0.2580375075340271,"y":0.32577985525131228,"z":-0.0929071381688118,"w":-0.904805064201355},"size":0.2857881188392639,"orthographic":false}