{"cameraMode":{"drawMode":0,"name":"Shaded","section":"Shading Mode"},"sceneLighting":false,"audioPlay":false,"sceneViewState":{"showFog":false,"showMaterialUpdate":false,"showSkybox":false,"showFlares":false,"showImageEffects":false,"showParticleSystems":false},"in2DMode":false,"pivot":{"x":5.684764862060547,"y":0.7834877967834473,"z":0.16811633110046388},"rotation":{"x":0.11652956157922745,"y":0.7293999791145325,"z":-0.12844575941562653,"w":0.6617423295974731},"size":6.539840221405029,"orthographic":false}