{"cameraMode":{"drawMode":0,"name":"Shaded","section":"Shading Mode"},"sceneLighting":true,"audioPlay":false,"sceneViewState":{"showFog":false,"showMaterialUpdate":false,"showSkybox":false,"showFlares":false,"showImageEffects":false,"showParticleSystems":false},"in2DMode":false,"pivot":{"x":1.37385094165802,"y":-12.794905662536621,"z":14.182388305664063},"rotation":{"x":-0.5001780986785889,"y":-0.0059729572385549549,"z":0.0034409009385854007,"w":-0.8659109473228455},"size":31.55826187133789,"orthographic":false}