{"cameraMode":{"drawMode":0,"name":"Shaded","section":"Shading Mode"},"sceneLighting":false,"audioPlay":false,"sceneViewState":{"m_AlwaysRefresh":false,"showFog":false,"showSkybox":false,"showFlares":false,"showImageEffects":false,"showParticleSystems":false,"showVisualEffectGraphs":true,"m_FxEnabled":true},"in2DMode":false,"pivot":{"x":-3.940223217010498,"y":13.01419448852539,"z":2.6640853881835939},"rotation":{"x":-0.09983354061841965,"y":-0.0031621612142771484,"z":0.0003103677008766681,"w":-0.9950330853462219},"size":20.637001037597658,"orthographic":false}