{"cameraMode":{"drawMode":0,"name":"Shaded","section":"Shading Mode"},"sceneLighting":false,"audioPlay":false,"sceneViewState":{"m_AlwaysRefresh":false,"showFog":true,"showSkybox":false,"showFlares":true,"showImageEffects":true,"showParticleSystems":true,"showVisualEffectGraphs":true,"m_FxEnabled":true},"in2DMode":false,"pivot":{"x":0.23603199422359467,"y":0.9934260249137878,"z":0.6445033550262451},"rotation":{"x":-0.17472441494464875,"y":-0.04487144201993942,"z":0.007962055504322052,"w":-0.9835752248764038},"size":1.299038052558899,"orthographic":false}